Software Engineer -- Django/Python,"
                        Fusionbox
                    ","
                        - 
Denver, CO                    ","
                            yesterday
                        ",https://stackoverflow.com/jobs/44036/software-engineer-django-python-fusionbox
Full Stack Engineer for Back End team in Zurich,"
                        Scandit
                    ","
                        - 
Zürich, Switzerland                    ","
                            6h ago
                        ",https://stackoverflow.com/jobs/163042/full-stack-engineer-for-back-end-team-in-zurich-scandit
Full-stack Developer for Synthetic Biology Platform,"
                        Technical University of Denmark
                    ","
                        - 
Copenhagen, Denmark                    ","
                            5h ago
                        ",https://stackoverflow.com/jobs/163055/full-stack-developer-for-synthetic-biology-technical-university-of
DevOps Engineer,"
                        Bankrate.com
                    ","
                        - 
Detroit, MI                    ","
                            3h ago
                        ",https://stackoverflow.com/jobs/163088/devops-engineer-bankratecom
2017 = 100% Cloud + new SaaS products. Join as Senior Backend Developer,"
                        Siteimprove A/S
                    ","
                        - 
København, Denmark                    ","
                            18h ago
                        ",https://stackoverflow.com/jobs/131386/2017-100-cloud-plus-new-saas-products-join-as-siteimprove-a-s
Software Engineer,"
                        Comcast
                    ","
                        - 
Reston, VA                    ","
                            10h ago
                        ",https://stackoverflow.com/jobs/163022/software-engineer-comcast
Software Engineer - Infrastructure and Tools,"
                        Intel Corporation Toronto
                    ","
                        - 
Toronto, ON, Canada                    ","
                            < 1h ago
                        ",https://stackoverflow.com/jobs/163113/software-engineer-infrastructure-and-tools-intel-corporation-toronto
Software Engineer -- Django/Python,"
                        Fusionbox
                    ","
                        - 
Denver, CO                    ","
                            yesterday
                        ",https://stackoverflow.com/jobs/44036/software-engineer-django-python-fusionbox
Full Stack Engineer for Back End team in Zurich,"
                        Scandit
                    ","
                        - 
Zürich, Switzerland                    ","
                            6h ago
                        ",https://stackoverflow.com/jobs/163042/full-stack-engineer-for-back-end-team-in-zurich-scandit
Full-stack Developer for Synthetic Biology Platform,"
                        Technical University of Denmark
                    ","
                        - 
Copenhagen, Denmark                    ","
                            5h ago
                        ",https://stackoverflow.com/jobs/163055/full-stack-developer-for-synthetic-biology-technical-university-of
DevOps Engineer,"
                        Bankrate.com
                    ","
                        - 
Detroit, MI                    ","
                            3h ago
                        ",https://stackoverflow.com/jobs/163088/devops-engineer-bankratecom
2017 = 100% Cloud + new SaaS products. Join as Senior Backend Developer,"
                        Siteimprove A/S
                    ","
                        - 
København, Denmark                    ","
                            18h ago
                        ",https://stackoverflow.com/jobs/131386/2017-100-cloud-plus-new-saas-products-join-as-siteimprove-a-s
Software Engineer,"
                        Comcast
                    ","
                        - 
Reston, VA                    ","
                            10h ago
                        ",https://stackoverflow.com/jobs/163022/software-engineer-comcast
Software Engineer - Infrastructure and Tools,"
                        Intel Corporation Toronto
                    ","
                        - 
Toronto, ON, Canada                    ","
                            < 1h ago
                        ",https://stackoverflow.com/jobs/163113/software-engineer-infrastructure-and-tools-intel-corporation-toronto
Python Developer,"
                        Cognizant Technology Solutions UK Ltd
                    ","
                        - 
London, UK                    ","
                            8h ago
                        ",https://stackoverflow.com/jobs/163035/python-developer-cognizant-technology
Data Engineer,"
                        wehkamp
                    ","
                        - 
Zwolle, Netherlands                    ","
                            3h ago
                        ",https://stackoverflow.com/jobs/163083/data-engineer-wehkamp
Python/Django Developer - München,"
                        social sweethearts® GmbH
                    ","
                        - 
München, Germany                    ","
                            < 1h ago
                        ",https://stackoverflow.com/jobs/163120/python-django-developer-m%C3%BCnchen-social-sweethearts-gmbh
"Senior Software Engineer, VoC (Voice of Customer)","
                        Carbon Black
                    ","
                        - 
Waltham, MA                    ","
                            5h ago
                        ",https://stackoverflow.com/jobs/163054/senior-software-engineer-voc-voice-of-customer-carbon-black
"Software Engineer, Machine Learning","
                        Comcast
                    ","
                        - 
Sunnyvale, CA                    ","
                            10h ago
                        ",https://stackoverflow.com/jobs/163024/software-engineer-machine-learning-comcast
Infrastructure Software Development - Agile Technical Coach,"
                        JP Morgan Chase
                    ","
                        - 
Jersey City, NJ                    ","
                            3h ago
                        ",https://stackoverflow.com/jobs/163072/infrastructure-software-development-agile-jp-morgan-chase
Software Engineering Graduate Programme,"
                        Tesco PLC
                    ","
                        - 
Welwyn Garden City, UK                    ","
                            yesterday
                        ",https://stackoverflow.com/jobs/162916/software-engineering-graduate-programme-tesco-plc
Firmware Test Engineer,"
                        Crestron Electronics, Inc
                    ","
                        - 
Plano, TX                    ","
                            4h ago
                        ",https://stackoverflow.com/jobs/163058/firmware-test-engineer-crestron-electronics-inc
"Infrastructure Developer Lead, Integrated Compute Services","
                        JP Morgan Chase
                    ","
                        - 
Jersey City, NJ                    ","
                            < 1h ago
                        ",https://stackoverflow.com/jobs/163126/infrastructure-developer-lead-integrated-compute-jp-morgan-chase
Cloud Platform Engineer - Data Services,"
                        JP Morgan Chase
                    ","
                        - 
Jersey City, NJ                    ","
                            2h ago
                        ",https://stackoverflow.com/jobs/163105/cloud-platform-engineer-data-services-jp-morgan-chase
Full Stack Developer (m/f) - Python,"
                        Skoobe
                    ","
                        - 
München, Germany                    ","
                            yesterday
                        ",https://stackoverflow.com/jobs/146933/full-stack-developer-m-f-python-skoobe
Data Engineer,"
                        Checkr
                    ","
                        - 
San Francisco, CA                    ","
                            21h ago
                        ",https://stackoverflow.com/jobs/162992/data-engineer-checkr
"Software Engineer, Building Google's Infrastructure","
                        Google
                    ","
                        - 
Mountain View, CA                    ","
                            17h ago
                        ",https://stackoverflow.com/jobs/163006/software-engineer-building-googles-google
Big Data Software Engineer - Opportunity to Gain/Hold Clearance,"
                        Varen Technologies Inc
                    ","
                        - 
Columbia, MD                    ","
                            yesterday
                        ",https://stackoverflow.com/jobs/150911/big-data-software-engineer-opportunity-to-gain-varen-technologies-inc
Software Engineer (Data Team),"
                        BriteCore
                    ","
                        - 
Springfield, MO                    ","
                            23h ago
                        ",https://stackoverflow.com/jobs/162978/software-engineer-data-team-britecore
Rapid Prototyping Software Engineer,"
                        Varen Technologies Inc
                    ","
                        - 
Columbia, MD                    ","
                            yesterday
                        ",https://stackoverflow.com/jobs/152335/rapid-prototyping-software-engineer-varen-technologies-inc
Developer - Help Fight Cancer with AI,"
                        Optellum
                    ","
                        - 
Oxford, UK                    ","
                            2d ago
                        ",https://stackoverflow.com/jobs/162875/developer-help-fight-cancer-with-ai-optellum
Software Integration Engineer,"
                        Fetch
                    ","
                        - 
Birmingham, AL                    ","
                            yesterday
                        ",https://stackoverflow.com/jobs/162954/software-integration-engineer-fetch
Cyber Intrusions Forensics Lead,"
                        JP Morgan Chase
                    ","
                        - 
New York, NY                    ","
                            23h ago
                        ",https://stackoverflow.com/jobs/162980/cyber-intrusions-forensics-lead-jp-morgan-chase
Engineering Manager,"
                        Checkr
                    ","
                        - 
San Francisco, CA                    ","
                            21h ago
                        ",https://stackoverflow.com/jobs/162994/engineering-manager-checkr
DevOps Engineer,"
                        REAN Cloud
                    ","
                        - 
Fairview Heights, IL                    ","
                            yesterday
                        ",https://stackoverflow.com/jobs/151620/devops-engineer-rean-cloud
Software Engineer at Google NYC,"
                        Google
                    ","
                        - 
New York, NY                    ","
                            1w ago
                        ",https://stackoverflow.com/jobs/133009/software-engineer-at-google-nyc-google
Site Reliability Engineer,"
                        Klaviyo
                    ","
                        - 
Boston, MA                    ","
                            1w ago
                        ",https://stackoverflow.com/jobs/128144/site-reliability-engineer-klaviyo
Senior Software Engineer,"
                        Blackbird
                    ","
                        - 
New York, NY                    ","
                            4d ago
                        ",https://stackoverflow.com/jobs/162756/senior-software-engineer-blackbird
BI Developer,"
                        Coolblue
                    ","
                        - 
Rotterdam, Netherlands                    ","
                            2d ago
                        ",https://stackoverflow.com/jobs/162889/bi-developer-coolblue
Blockchain Developer,"
                        Startmonday
                    ","
                        - 
Amsterdam, Netherlands                    ","
                            yesterday
                        ",https://stackoverflow.com/jobs/162912/blockchain-developer-startmonday
